,S. No.,Date,Region,Confirmed Cases,Active Cases,Cured/Discharged,Death
11946,11947,01/01/1970,Madhya Pradesh,792832,113.0,782195.0,10524.0
11947,11948,21/03/2020,Madhya Pradesh,4,4.0,0.0,0.0
11948,11949,22/03/2020,Madhya Pradesh,4,4.0,0.0,0.0
11949,11950,23/03/2020,Madhya Pradesh,6,6.0,0.0,0.0
11950,11951,24/03/2020,Madhya Pradesh,7,7.0,0.0,0.0
11951,11952,25/03/2020,Madhya Pradesh,7,7.0,0.0,0.0
11952,11953,26/03/2020,Madhya Pradesh,15,14.0,0.0,1.0
11953,11954,27/03/2020,Madhya Pradesh,20,19.0,0.0,1.0
11954,11955,28/03/2020,Madhya Pradesh,30,28.0,0.0,2.0
11955,11956,29/03/2020,Madhya Pradesh,30,28.0,0.0,2.0
11956,11957,30/03/2020,Madhya Pradesh,33,31.0,0.0,2.0
11957,11958,31/03/2020,Madhya Pradesh,47,44.0,0.0,3.0
11958,11959,01/04/2020,Madhya Pradesh,47,44.0,0.0,3.0
11959,11960,02/04/2020,Madhya Pradesh,99,93.0,0.0,6.0
11960,11961,03/04/2020,Madhya Pradesh,99,93.0,0.0,6.0
11961,11962,04/04/2020,Madhya Pradesh,104,98.0,0.0,6.0
11962,11963,05/04/2020,Madhya Pradesh,104,98.0,0.0,6.0
11963,11964,06/04/2020,Madhya Pradesh,165,156.0,0.0,9.0
11964,11965,07/04/2020,Madhya Pradesh,165,156.0,0.0,9.0
11965,11966,08/04/2020,Madhya Pradesh,229,216.0,0.0,13.0
11966,11967,09/04/2020,Madhya Pradesh,229,216.0,0.0,13.0
11967,11968,10/04/2020,Madhya Pradesh,259,243.0,0.0,16.0
11968,11969,11/04/2020,Madhya Pradesh,435,402.0,0.0,33.0
11969,11970,12/04/2020,Madhya Pradesh,532,496.0,0.0,36.0
11970,11971,13/04/2020,Madhya Pradesh,564,528.0,0.0,36.0
11971,11972,14/04/2020,Madhya Pradesh,604,517.0,44.0,43.0
11972,11973,15/04/2020,Madhya Pradesh,730,629.0,51.0,50.0
11973,11974,16/04/2020,Madhya Pradesh,987,870.0,64.0,53.0
11974,11975,17/04/2020,Madhya Pradesh,1120,1003.0,64.0,53.0
11975,11976,18/04/2020,Madhya Pradesh,1310,1172.0,69.0,69.0
11976,11977,19/04/2020,Madhya Pradesh,1407,1210.0,127.0,70.0
11977,11978,20/04/2020,Madhya Pradesh,1407,1210.0,127.0,70.0
11978,11979,21/04/2020,Madhya Pradesh,1485,1284.0,127.0,74.0
11979,11980,22/04/2020,Madhya Pradesh,1552,1328.0,148.0,76.0
11980,11981,23/04/2020,Madhya Pradesh,1592,1364.0,148.0,80.0
11981,11982,24/04/2020,Madhya Pradesh,1699,1413.0,203.0,83.0
11982,11983,25/04/2020,Madhya Pradesh,1852,1550.0,210.0,92.0
11983,11984,26/04/2020,Madhya Pradesh,2096,1787.0,210.0,99.0
11984,11985,27/04/2020,Madhya Pradesh,2096,1691.0,302.0,103.0
11985,11986,28/04/2020,Madhya Pradesh,2168,1756.0,302.0,110.0
11986,11987,29/04/2020,Madhya Pradesh,2387,1890.0,377.0,120.0
11987,11988,30/04/2020,Madhya Pradesh,2561,1971.0,461.0,129.0
11988,11989,01/05/2020,Madhya Pradesh,2660,2041.0,482.0,137.0
11989,11990,02/05/2020,Madhya Pradesh,2719,2050.0,524.0,145.0
11990,11991,03/05/2020,Madhya Pradesh,2846,2071.0,624.0,151.0
11991,11992,04/05/2020,Madhya Pradesh,2846,1892.0,798.0,156.0
11992,11993,05/05/2020,Madhya Pradesh,2942,1979.0,798.0,165.0
11993,11994,06/05/2020,Madhya Pradesh,3049,1873.0,1000.0,176.0
11994,11995,07/05/2020,Madhya Pradesh,3138,1854.0,1099.0,185.0
11995,11996,08/05/2020,Madhya Pradesh,3252,1828.0,1231.0,193.0
11996,11997,09/05/2020,Madhya Pradesh,3341,1792.0,1349.0,200.0
11997,11998,10/05/2020,Madhya Pradesh,3614,1723.0,1676.0,215.0
11998,11999,11/05/2020,Madhya Pradesh,3614,1723.0,1676.0,215.0
11999,12000,12/05/2020,Madhya Pradesh,3785,1817.0,1747.0,221.0
12000,12001,13/05/2020,Madhya Pradesh,3986,1901.0,1860.0,225.0
12001,12002,14/05/2020,Madhya Pradesh,4173,1937.0,2004.0,232.0
12002,12003,15/05/2020,Madhya Pradesh,4426,2018.0,2171.0,237.0
12003,12004,16/05/2020,Madhya Pradesh,4595,2073.0,2283.0,239.0
12004,12005,17/05/2020,Madhya Pradesh,4789,2231.0,2315.0,243.0
12005,12006,18/05/2020,Madhya Pradesh,4977,2326.0,2403.0,248.0
12006,12007,19/05/2020,Madhya Pradesh,5236,2549.0,2435.0,252.0
12007,12008,20/05/2020,Madhya Pradesh,5465,2577.0,2630.0,258.0
12008,12009,21/05/2020,Madhya Pradesh,5735,2735.0,2733.0,267.0
12009,12010,22/05/2020,Madhya Pradesh,5981,2868.0,2843.0,270.0
12010,12011,23/05/2020,Madhya Pradesh,6170,2809.0,3089.0,272.0
12011,12012,24/05/2020,Madhya Pradesh,6371,2823.0,3267.0,281.0
12012,12013,25/05/2020,Madhya Pradesh,6665,2967.0,3408.0,290.0
12013,12014,26/05/2020,Madhya Pradesh,6859,2988.0,3571.0,300.0
12014,12015,27/05/2020,Madhya Pradesh,7024,3030.0,3689.0,305.0
12015,12016,28/05/2020,Madhya Pradesh,7261,3021.0,3927.0,313.0
12016,12017,29/05/2020,Madhya Pradesh,7453,3082.0,4050.0,321.0
12017,12018,30/05/2020,Madhya Pradesh,7645,3042.0,4269.0,334.0
12018,12019,31/05/2020,Madhya Pradesh,7891,3104.0,4444.0,343.0
12019,12020,01/06/2020,Madhya Pradesh,8089,2897.0,4842.0,350.0
12020,12021,02/06/2020,Madhya Pradesh,8283,2922.0,5003.0,358.0
12021,12022,03/06/2020,Madhya Pradesh,8420,2835.0,5221.0,364.0
12022,12023,04/06/2020,Madhya Pradesh,8588,2772.0,5445.0,371.0
12023,12024,05/06/2020,Madhya Pradesh,8762,2748.0,5637.0,377.0
12024,12025,06/06/2020,Madhya Pradesh,8996,2734.0,5878.0,384.0
12025,12026,07/06/2020,Madhya Pradesh,9228,2721.0,6108.0,399.0
12026,12027,08/06/2020,Madhya Pradesh,9401,2658.0,6331.0,412.0
12027,12028,09/06/2020,Madhya Pradesh,9638,2688.0,6536.0,414.0
12028,12029,10/06/2020,Madhya Pradesh,9849,2700.0,6729.0,420.0
12029,12030,11/06/2020,Madhya Pradesh,10049,2730.0,6892.0,427.0
12030,12031,12/06/2020,Madhya Pradesh,10241,2768.0,7042.0,431.0
12031,12032,13/06/2020,Madhya Pradesh,10443,2802.0,7201.0,440.0
12032,12033,14/06/2020,Madhya Pradesh,10641,2817.0,7377.0,447.0
12033,12034,15/06/2020,Madhya Pradesh,10802,2666.0,7677.0,459.0
12034,12035,16/06/2020,Madhya Pradesh,10935,2567.0,7903.0,465.0
12035,12036,17/06/2020,Madhya Pradesh,11083,2455.0,8152.0,476.0
12036,12037,18/06/2020,Madhya Pradesh,11244,2374.0,8388.0,482.0
12037,12038,19/06/2020,Madhya Pradesh,11426,2308.0,8632.0,486.0
12038,12039,20/06/2020,Madhya Pradesh,11582,2339.0,8748.0,495.0
12039,12040,21/06/2020,Madhya Pradesh,11724,2343.0,8880.0,501.0
12040,12041,22/06/2020,Madhya Pradesh,11903,2373.0,9015.0,515.0
12041,12042,23/06/2020,Madhya Pradesh,12078,2342.0,9215.0,521.0
12042,12043,24/06/2020,Madhya Pradesh,12261,2401.0,9335.0,525.0
12043,12044,25/06/2020,Madhya Pradesh,12448,2441.0,9473.0,534.0
12044,12045,26/06/2020,Madhya Pradesh,12596,2435.0,9619.0,542.0
12045,12046,27/06/2020,Madhya Pradesh,12798,2448.0,9804.0,546.0
12046,12047,28/06/2020,Madhya Pradesh,12965,2444.0,9971.0,550.0
12047,12048,29/06/2020,Madhya Pradesh,13186,2545.0,10084.0,557.0
12048,12049,30/06/2020,Madhya Pradesh,13370,2607.0,10199.0,564.0
12049,12050,01/07/2020,Madhya Pradesh,13593,2626.0,10395.0,572.0
12050,12051,02/07/2020,Madhya Pradesh,13861,2625.0,10655.0,581.0
12051,12052,03/07/2020,Madhya Pradesh,14106,2702.0,10815.0,589.0
12052,12053,04/07/2020,Madhya Pradesh,14297,2655.0,11049.0,593.0
12053,12054,05/07/2020,Madhya Pradesh,14604,2772.0,11234.0,598.0
12054,12055,06/07/2020,Madhya Pradesh,14930,2911.0,11411.0,608.0
12055,12056,07/07/2020,Madhya Pradesh,15284,3088.0,11579.0,617.0
12056,12057,08/07/2020,Madhya Pradesh,15627,3237.0,11768.0,622.0
12057,12058,09/07/2020,Madhya Pradesh,16036,3420.0,11987.0,629.0
12058,12059,10/07/2020,Madhya Pradesh,16341,3475.0,12232.0,634.0
12059,12060,11/07/2020,Madhya Pradesh,16657,3538.0,12481.0,638.0
12060,12061,12/07/2020,Madhya Pradesh,17201,3878.0,12679.0,644.0
12061,12062,13/07/2020,Madhya Pradesh,17632,4103.0,12876.0,653.0
12062,12063,14/07/2020,Madhya Pradesh,18207,4336.0,13208.0,663.0
12063,12064,15/07/2020,Madhya Pradesh,19005,4757.0,13575.0,673.0
12064,12065,16/07/2020,Madhya Pradesh,19643,5053.0,13908.0,682.0
12065,12066,17/07/2020,Madhya Pradesh,20378,5562.0,14127.0,689.0
12066,12067,18/07/2020,Madhya Pradesh,21081,5870.0,14514.0,697.0
12067,12068,19/07/2020,Madhya Pradesh,21763,6193.0,14864.0,706.0
12068,12069,20/07/2020,Madhya Pradesh,22600,6568.0,15311.0,721.0
12069,12070,21/07/2020,Madhya Pradesh,23310,6888.0,15684.0,738.0
12070,12071,22/07/2020,Madhya Pradesh,24095,7082.0,16257.0,756.0
12071,12072,23/07/2020,Madhya Pradesh,24842,7236.0,16836.0,770.0
12072,12073,24/07/2020,Madhya Pradesh,25474,7335.0,17359.0,780.0
12073,12074,25/07/2020,Madhya Pradesh,26210,7553.0,17866.0,791.0
12074,12075,26/07/2020,Madhya Pradesh,26926,7639.0,18488.0,799.0
12075,12076,27/07/2020,Madhya Pradesh,27800,7857.0,19132.0,811.0
12076,12077,28/07/2020,Madhya Pradesh,28589,7978.0,19791.0,820.0
12077,12078,29/07/2020,Madhya Pradesh,29217,8044.0,20343.0,830.0
12078,12079,30/07/2020,Madhya Pradesh,30134,8357.0,20934.0,843.0
12079,12080,31/07/2020,Madhya Pradesh,30968,8454.0,21657.0,857.0
12080,12081,01/08/2020,Madhya Pradesh,31806,8668.0,22271.0,867.0
12081,12082,02/08/2020,Madhya Pradesh,32614,8769.0,22969.0,876.0
12082,12083,03/08/2020,Madhya Pradesh,33535,9099.0,23550.0,886.0
12083,12084,04/08/2020,Madhya Pradesh,34285,9286.0,24099.0,900.0
12084,12085,05/08/2020,Madhya Pradesh,35082,8756.0,25414.0,912.0
12085,12086,06/08/2020,Madhya Pradesh,35734,8741.0,26064.0,929.0
12086,12087,07/08/2020,Madhya Pradesh,36564,8716.0,26902.0,946.0
12087,12088,08/08/2020,Madhya Pradesh,37298,8715.0,27621.0,962.0
12088,12089,09/08/2020,Madhya Pradesh,38157,8827.0,28353.0,977.0
12089,12090,10/08/2020,Madhya Pradesh,39025,9009.0,29020.0,996.0
12090,12091,11/08/2020,Madhya Pradesh,39891,9202.0,29674.0,1015.0
12091,12092,12/08/2020,Madhya Pradesh,40734,9105.0,30596.0,1033.0
12092,12093,13/08/2020,Madhya Pradesh,41604,9317.0,31239.0,1048.0
12093,12094,14/08/2020,Madhya Pradesh,42618,9718.0,31835.0,1065.0
12094,12095,15/08/2020,Madhya Pradesh,43414,9928.0,32405.0,1081.0
12095,12096,16/08/2020,Madhya Pradesh,44433,9986.0,33353.0,1094.0
12096,12097,17/08/2020,Madhya Pradesh,45455,10312.0,34038.0,1105.0
12097,12098,18/08/2020,Madhya Pradesh,46385,10232.0,35025.0,1128.0
12098,12099,19/08/2020,Madhya Pradesh,47375,10521.0,35713.0,1141.0
12099,12100,20/08/2020,Madhya Pradesh,48351,10717.0,36475.0,1159.0
12100,12101,21/08/2020,Madhya Pradesh,49493,10782.0,37540.0,1171.0
12101,12102,22/08/2020,Madhya Pradesh,50640,10928.0,38527.0,1185.0
12102,12103,23/08/2020,Madhya Pradesh,51866,11261.0,39399.0,1206.0
12103,12104,24/08/2020,Madhya Pradesh,53129,11510.0,40390.0,1229.0
12104,12105,25/08/2020,Madhya Pradesh,54421,11944.0,41231.0,1246.0
12105,12106,26/08/2020,Madhya Pradesh,55800,12225.0,42310.0,1265.0
12106,12107,27/08/2020,Madhya Pradesh,56864,12336.0,43246.0,1282.0
12107,12108,28/08/2020,Madhya Pradesh,58181,12422.0,44453.0,1306.0
12108,12109,29/08/2020,Madhya Pradesh,59433,12714.0,45396.0,1323.0
12109,12110,30/08/2020,Madhya Pradesh,60875,13117.0,46413.0,1345.0
12110,12111,31/08/2020,Madhya Pradesh,62433,13592.0,47467.0,1374.0
12111,12112,01/09/2020,Madhya Pradesh,63965,13914.0,48657.0,1394.0
12112,12113,02/09/2020,Madhya Pradesh,65490,14072.0,49992.0,1426.0
12113,12114,03/09/2020,Madhya Pradesh,66914,14337.0,51124.0,1453.0
12114,12115,04/09/2020,Madhya Pradesh,68586,14888.0,52215.0,1483.0
12115,12116,05/09/2020,Madhya Pradesh,70244,15474.0,53257.0,1513.0
12116,12117,06/09/2020,Madhya Pradesh,71880,15688.0,54649.0,1543.0
12117,12118,07/09/2020,Madhya Pradesh,73574,16115.0,55887.0,1572.0
12118,12119,08/09/2020,Madhya Pradesh,75459,16961.0,56909.0,1589.0
12119,12120,09/09/2020,Madhya Pradesh,77323,17205.0,58509.0,1609.0
12120,12121,10/09/2020,Madhya Pradesh,79192,17702.0,59850.0,1640.0
12121,12122,11/09/2020,Madhya Pradesh,81379,18433.0,61285.0,1661.0
12122,12123,12/09/2020,Madhya Pradesh,83619,18992.0,62936.0,1691.0
12123,12124,13/09/2020,Madhya Pradesh,85966,19840.0,64398.0,1728.0
12124,12125,14/09/2020,Madhya Pradesh,88247,20487.0,65998.0,1762.0
12125,12126,15/09/2020,Madhya Pradesh,90730,21228.0,67711.0,1791.0
12126,12127,16/09/2020,Madhya Pradesh,93053,21620.0,69613.0,1820.0
12127,12128,17/09/2020,Madhya Pradesh,95515,22136.0,71535.0,1844.0
12128,12129,18/09/2020,Madhya Pradesh,97906,21631.0,74398.0,1877.0
12129,12130,19/09/2020,Madhya Pradesh,100458,21605.0,76952.0,1901.0
12130,12131,20/09/2020,Madhya Pradesh,103065,21964.0,79158.0,1943.0
12131,12132,21/09/2020,Madhya Pradesh,105644,22300.0,81374.0,1970.0
12132,12133,22/09/2020,Madhya Pradesh,108167,22542.0,83618.0,2007.0
12133,12134,23/09/2020,Madhya Pradesh,110711,22646.0,86030.0,2035.0
12134,12135,24/09/2020,Madhya Pradesh,113057,22812.0,88168.0,2077.0
12135,12136,25/09/2020,Madhya Pradesh,115361,22744.0,90495.0,2122.0
12136,12137,26/09/2020,Madhya Pradesh,117588,22198.0,93238.0,2152.0
12137,12138,27/09/2020,Madhya Pradesh,119899,22228.0,95490.0,2181.0
12138,12139,28/09/2020,Madhya Pradesh,122209,22431.0,97571.0,2207.0
12139,12140,29/09/2020,Madhya Pradesh,124166,21912.0,100012.0,2242.0
12140,12141,30/09/2020,Madhya Pradesh,126043,21317.0,102445.0,2281.0
12141,12142,01/10/2020,Madhya Pradesh,128047,20997.0,104734.0,2316.0
12142,12143,02/10/2020,Madhya Pradesh,130088,20473.0,107279.0,2336.0
12143,12144,03/10/2020,Madhya Pradesh,132107,20124.0,109611.0,2372.0
12144,12145,04/10/2020,Madhya Pradesh,133918,19807.0,111712.0,2399.0
12145,12146,05/10/2020,Madhya Pradesh,135638,19372.0,113832.0,2434.0
12146,12147,06/10/2020,Madhya Pradesh,137098,18757.0,115878.0,2463.0
12147,12148,07/10/2020,Madhya Pradesh,138668,18141.0,118039.0,2488.0
12148,12149,08/10/2020,Madhya Pradesh,140307,17522.0,120267.0,2518.0
12149,12150,09/10/2020,Madhya Pradesh,142022,16788.0,122687.0,2547.0
12150,12151,10/10/2020,Madhya Pradesh,143629,16168.0,124887.0,2574.0
12151,12152,11/10/2020,Madhya Pradesh,145245,15612.0,127034.0,2599.0
12152,12153,12/10/2020,Madhya Pradesh,146820,15177.0,129019.0,2624.0
12153,12154,13/10/2020,Madhya Pradesh,148298,14932.0,130721.0,2645.0
12154,12155,14/10/2020,Madhya Pradesh,149761,14661.0,132429.0,2671.0
12155,12156,15/10/2020,Madhya Pradesh,155276,14432.0,138158.0,2686.0
12156,12157,16/10/2020,Madhya Pradesh,156584,14157.0,139717.0,2710.0
12157,12158,17/10/2020,Madhya Pradesh,157936,13928.0,141273.0,2735.0
12158,12159,18/10/2020,Madhya Pradesh,159158,13698.0,142707.0,2753.0
12159,12160,19/10/2020,Madhya Pradesh,160188,13281.0,144134.0,2773.0
12160,12161,20/10/2020,Madhya Pradesh,161203,12996.0,145421.0,2786.0
12161,12162,21/10/2020,Madhya Pradesh,162178,12507.0,146860.0,2811.0
12162,12163,22/10/2020,Madhya Pradesh,163296,12386.0,148082.0,2828.0
12163,12164,23/10/2020,Madhya Pradesh,164341,12146.0,149353.0,2842.0
12164,12165,24/10/2020,Madhya Pradesh,165294,11761.0,150678.0,2855.0
12165,12166,25/10/2020,Madhya Pradesh,166298,11477.0,151946.0,2875.0
12166,12167,26/10/2020,Madhya Pradesh,167249,11237.0,153127.0,2885.0
12167,12168,27/10/2020,Madhya Pradesh,167969,10857.0,154222.0,2890.0
12168,12169,28/10/2020,Madhya Pradesh,168483,10353.0,155232.0,2898.0
12169,12170,29/10/2020,Madhya Pradesh,169271,10094.0,156264.0,2913.0
12170,12171,30/10/2020,Madhya Pradesh,169999,9689.0,157381.0,2929.0
12171,12172,31/10/2020,Madhya Pradesh,170690,9294.0,158455.0,2941.0
12172,12173,01/11/2020,Madhya Pradesh,171359,8929.0,159479.0,2951.0
12173,12174,02/11/2020,Madhya Pradesh,172082,8538.0,160586.0,2958.0
12174,12175,03/11/2020,Madhya Pradesh,172717,8298.0,161454.0,2965.0
12175,12176,04/11/2020,Madhya Pradesh,173384,8044.0,162366.0,2974.0
12176,12177,05/11/2020,Madhya Pradesh,174091,7854.0,163250.0,2987.0
12177,12178,06/11/2020,Madhya Pradesh,174825,7766.0,164067.0,2992.0
12178,12179,07/11/2020,Madhya Pradesh,175603,7676.0,164923.0,3004.0
12179,12180,08/11/2020,Madhya Pradesh,176468,7736.0,165715.0,3017.0
12180,12181,09/11/2020,Madhya Pradesh,177359,7928.0,166403.0,3028.0
12181,12182,10/11/2020,Madhya Pradesh,178168,8050.0,167084.0,3034.0
12182,12183,11/11/2020,Madhya Pradesh,179068,8149.0,167877.0,3042.0
12183,12184,12/11/2020,Madhya Pradesh,179951,8328.0,168568.0,3055.0
12184,12185,13/11/2020,Madhya Pradesh,180997,8672.0,169260.0,3065.0
12185,12186,14/11/2020,Madhya Pradesh,182045,8876.0,170093.0,3076.0
12186,12187,15/11/2020,Madhya Pradesh,183057,9005.0,170969.0,3083.0
12187,12188,16/11/2020,Madhya Pradesh,183927,9146.0,171691.0,3090.0
12188,12189,17/11/2020,Madhya Pradesh,184524,8996.0,172436.0,3092.0
12189,12190,18/11/2020,Madhya Pradesh,185446,9060.0,173284.0,3102.0
12190,12191,19/11/2020,Madhya Pradesh,186655,9338.0,174202.0,3115.0
12191,12192,20/11/2020,Madhya Pradesh,188018,9800.0,175089.0,3129.0
12192,12193,21/11/2020,Madhya Pradesh,189546,10402.0,176006.0,3138.0
12193,12194,22/11/2020,Madhya Pradesh,191246,11192.0,176905.0,3149.0
12194,12195,23/11/2020,Madhya Pradesh,193044,11765.0,178117.0,3162.0
12195,12196,24/11/2020,Madhya Pradesh,194745,12336.0,179237.0,3172.0
12196,12197,25/11/2020,Madhya Pradesh,196511,12979.0,180349.0,3183.0
12197,12198,26/11/2020,Madhya Pradesh,198284,13742.0,181345.0,3197.0
12198,12199,27/11/2020,Madhya Pradesh,199952,14199.0,182544.0,3209.0
12199,12200,28/11/2020,Madhya Pradesh,201597,14677.0,183696.0,3224.0
12200,12201,29/11/2020,Madhya Pradesh,203231,14981.0,185013.0,3237.0
12201,12202,30/11/2020,Madhya Pradesh,204745,14974.0,186521.0,3250.0
12202,12203,01/12/2020,Madhya Pradesh,206128,14771.0,188097.0,3260.0
12203,12204,02/12/2020,Madhya Pradesh,207485,14435.0,189780.0,3270.0
12204,12205,03/12/2020,Madhya Pradesh,208924,14019.0,191618.0,3287.0
12205,12206,04/12/2020,Madhya Pradesh,210374,13887.0,193187.0,3300.0
12206,12207,05/12/2020,Madhya Pradesh,211698,13641.0,194743.0,3314.0
12207,12208,06/12/2020,Madhya Pradesh,213050,13532.0,196192.0,3326.0
12208,12209,07/12/2020,Madhya Pradesh,214505,13391.0,197777.0,3337.0
12209,12210,08/12/2020,Madhya Pradesh,215957,13443.0,199167.0,3347.0
12210,12211,09/12/2020,Madhya Pradesh,217302,13280.0,200664.0,3358.0
12211,12212,10/12/2020,Madhya Pradesh,218574,13221.0,201987.0,3366.0
12212,12213,11/12/2020,Madhya Pradesh,219893,13226.0,203294.0,3373.0
12213,12214,12/12/2020,Madhya Pradesh,221115,13092.0,204641.0,3382.0
12214,12215,13/12/2020,Madhya Pradesh,222397,12947.0,206059.0,3391.0
12215,12216,14/12/2020,Madhya Pradesh,223578,12837.0,207337.0,3404.0
12216,12217,15/12/2020,Madhya Pradesh,224636,12803.0,208421.0,3412.0
12217,12218,17/12/2020,Madhya Pradesh,226788,12330.0,211025.0,3433.0
12218,12219,18/12/2020,Madhya Pradesh,227949,12156.0,212351.0,3442.0
12219,12220,19/12/2020,Madhya Pradesh,229130,11876.0,213801.0,3453.0
12220,12221,20/12/2020,Madhya Pradesh,230125,11446.0,215211.0,3468.0
12221,12222,21/12/2020,Madhya Pradesh,231284,11318.0,216485.0,3481.0
12222,12223,22/12/2020,Madhya Pradesh,232319,11054.0,217775.0,3490.0
12223,12224,23/12/2020,Madhya Pradesh,233324,10994.0,218828.0,3502.0
12224,12225,24/12/2020,Madhya Pradesh,234331,10766.0,220051.0,3514.0
12225,12226,25/12/2020,Madhya Pradesh,235369,10676.0,221169.0,3524.0
12226,12227,26/12/2020,Madhya Pradesh,236400,10461.0,222403.0,3536.0
12227,12228,27/12/2020,Madhya Pradesh,237406,10329.0,223532.0,3545.0
12228,12229,28/12/2020,Madhya Pradesh,238352,10097.0,224692.0,3563.0
12229,12230,29/12/2020,Madhya Pradesh,239228,9874.0,225782.0,3572.0
12230,12231,30/12/2020,Madhya Pradesh,240081,9595.0,226904.0,3582.0
12231,12232,31/12/2020,Madhya Pradesh,240947,9387.0,227965.0,3595.0
12232,12233,03/01/2021,Madhya Pradesh,243302,9089.0,230586.0,3627.0
12233,12234,04/01/2021,Madhya Pradesh,244026,8852.0,231533.0,3641.0
12234,12235,05/01/2021,Madhya Pradesh,244647,8609.0,232390.0,3648.0
12235,12236,06/01/2021,Madhya Pradesh,245318,8427.0,233229.0,3662.0
12236,12237,07/01/2021,Madhya Pradesh,246048,8516.0,233862.0,3670.0
12237,12238,08/01/2021,Madhya Pradesh,246822,8528.0,234612.0,3682.0
12238,12239,09/01/2021,Madhya Pradesh,247436,8324.0,235421.0,3691.0
12239,12240,10/01/2021,Madhya Pradesh,247977,8029.0,236247.0,3701.0
12240,12241,11/01/2021,Madhya Pradesh,248597,7823.0,237063.0,3711.0
12241,12242,12/01/2021,Madhya Pradesh,249082,7651.0,237713.0,3718.0
12242,12243,13/01/2021,Madhya Pradesh,249553,7499.0,238328.0,3726.0
12243,12244,14/01/2021,Madhya Pradesh,250009,7294.0,238983.0,3732.0
12244,12245,15/01/2021,Madhya Pradesh,250429,7108.0,239581.0,3740.0
12245,12246,16/01/2021,Madhya Pradesh,250858,6957.0,240155.0,3746.0
12246,12247,17/01/2021,Madhya Pradesh,251223,6524.0,240948.0,3751.0
12247,12248,18/01/2021,Madhya Pradesh,251578,6399.0,241426.0,3753.0
12248,12249,19/01/2021,Madhya Pradesh,251882,6160.0,241966.0,3756.0
12249,12250,20/01/2021,Madhya Pradesh,252186,5732.0,242691.0,3763.0
12250,12251,21/01/2021,Madhya Pradesh,252466,5008.0,243688.0,3770.0
12251,12252,22/01/2021,Madhya Pradesh,252767,4599.0,244392.0,3776.0
12252,12253,23/01/2021,Madhya Pradesh,253114,4479.0,244855.0,3780.0
12253,12254,24/01/2021,Madhya Pradesh,253405,4310.0,245309.0,3786.0
12254,12255,25/01/2021,Madhya Pradesh,253657,4171.0,245697.0,3789.0
12255,12256,27/01/2021,Madhya Pradesh,254085,3219.0,247073.0,3793.0
12256,12257,28/01/2021,Madhya Pradesh,254270,3053.0,247418.0,3799.0
12257,12258,29/01/2021,Madhya Pradesh,254496,2955.0,247739.0,3802.0
12258,12259,30/01/2021,Madhya Pradesh,254667,2826.0,248036.0,3805.0
12259,12260,31/01/2021,Madhya Pradesh,254886,2760.0,248319.0,3807.0
12260,12261,01/02/2021,Madhya Pradesh,255112,2665.0,248637.0,3810.0
12261,12262,02/02/2021,Madhya Pradesh,255263,2554.0,248897.0,3812.0
12262,12263,03/02/2021,Madhya Pradesh,255431,2423.0,249193.0,3815.0
12263,12264,04/02/2021,Madhya Pradesh,255689,2430.0,249443.0,3816.0
12264,12265,05/02/2021,Madhya Pradesh,255855,2331.0,249706.0,3818.0
12265,12266,06/02/2021,Madhya Pradesh,256017,2193.0,250005.0,3819.0
12266,12267,07/02/2021,Madhya Pradesh,256214,2074.0,250320.0,3820.0
12267,12268,08/02/2021,Madhya Pradesh,256398,2041.0,250537.0,3820.0
12268,12269,09/02/2021,Madhya Pradesh,256591,2041.0,250727.0,3823.0
12269,12270,10/02/2021,Madhya Pradesh,256758,1987.0,250946.0,3825.0
12270,12271,11/02/2021,Madhya Pradesh,256899,1951.0,251121.0,3827.0
12271,12272,12/02/2021,Madhya Pradesh,257068,1920.0,251320.0,3828.0
12272,12273,13/02/2021,Madhya Pradesh,257229,1862.0,251538.0,3829.0
12273,12274,14/02/2021,Madhya Pradesh,257423,1829.0,251765.0,3829.0
12274,12275,15/02/2021,Madhya Pradesh,257646,1842.0,251970.0,3834.0
12275,12276,16/02/2021,Madhya Pradesh,257849,1847.0,252164.0,3838.0
12276,12277,17/02/2021,Madhya Pradesh,258082,1856.0,252385.0,3841.0
12277,12278,18/02/2021,Madhya Pradesh,258333,1863.0,252628.0,3842.0
12278,12279,19/02/2021,Madhya Pradesh,258574,1909.0,252821.0,3844.0
12279,12280,20/02/2021,Madhya Pradesh,258871,1954.0,253071.0,3846.0
12280,12281,21/02/2021,Madhya Pradesh,259128,1994.0,253284.0,3850.0
12281,12282,22/02/2021,Madhya Pradesh,259427,2051.0,253522.0,3854.0
12282,12283,23/02/2021,Madhya Pradesh,259721,2104.0,253763.0,3854.0
12283,12284,24/02/2021,Madhya Pradesh,259969,2151.0,253963.0,3855.0
12284,12285,25/02/2021,Madhya Pradesh,260313,2270.0,254186.0,3857.0
12285,12286,26/02/2021,Madhya Pradesh,260681,2435.0,254387.0,3859.0
12286,12287,27/02/2021,Madhya Pradesh,261013,2518.0,254633.0,3862.0
12287,12288,01/03/2021,Madhya Pradesh,261766,2785.0,255117.0,3864.0
12288,12289,02/03/2021,Madhya Pradesh,262102,2901.0,255336.0,3865.0
12289,12290,03/03/2021,Madhya Pradesh,262433,2973.0,255595.0,3865.0
12290,12291,04/03/2021,Madhya Pradesh,262850,3097.0,255888.0,3865.0
12291,12292,06/03/2021,Madhya Pradesh,263747,3457.0,256424.0,3866.0
12292,12293,07/03/2021,Madhya Pradesh,264214,3527.0,256819.0,3868.0
12293,12294,08/03/2021,Madhya Pradesh,264643,3606.0,257166.0,3871.0
12294,12295,09/03/2021,Madhya Pradesh,265070,3638.0,257560.0,3872.0
12295,12296,10/03/2021,Madhya Pradesh,265527,3711.0,257942.0,3874.0
12296,12297,11/03/2021,Madhya Pradesh,266043,3915.0,258251.0,3877.0
12297,12298,13/03/2021,Madhya Pradesh,267176,4335.0,258958.0,3883.0
12298,12299,14/03/2021,Madhya Pradesh,267851,4512.0,259454.0,3885.0
12299,12300,15/03/2021,Madhya Pradesh,268594,4740.0,259967.0,3887.0
12300,12301,16/03/2021,Madhya Pradesh,269391,5024.0,260477.0,3890.0
12301,12302,17/03/2021,Madhya Pradesh,270208,5286.0,261031.0,3891.0
12302,12303,18/03/2021,Madhya Pradesh,271040,5616.0,261531.0,3893.0
12303,12304,19/03/2021,Madhya Pradesh,271957,6032.0,262031.0,3894.0
12304,12305,20/03/2021,Madhya Pradesh,273097,6609.0,262587.0,3901.0
12305,12306,21/03/2021,Madhya Pradesh,274405,7344.0,263158.0,3903.0
12306,12307,22/03/2021,Madhya Pradesh,275727,8000.0,263821.0,3906.0
12307,12308,23/03/2021,Madhya Pradesh,277075,8592.0,264575.0,3908.0
12308,12309,24/03/2021,Madhya Pradesh,278577,9292.0,265373.0,3912.0
12309,12310,25/03/2021,Madhya Pradesh,280289,10047.0,266323.0,3919.0
12310,12311,27/03/2021,Madhya Pradesh,284265,12038.0,268290.0,3937.0
12311,12312,28/03/2021,Madhya Pradesh,286407,12995.0,269465.0,3947.0
12312,12313,29/03/2021,Madhya Pradesh,288683,14185.0,270540.0,3958.0
12313,12314,30/03/2021,Madhya Pradesh,291006,15150.0,271889.0,3967.0
12314,12315,31/03/2021,Madhya Pradesh,293179,16034.0,273168.0,3977.0
12315,12316,01/04/2021,Madhya Pradesh,295511,17096.0,274429.0,3986.0
12316,12317,02/04/2021,Madhya Pradesh,298057,18057.0,276002.0,3998.0
12317,12318,03/04/2021,Madhya Pradesh,300834,19336.0,277484.0,4014.0
12318,12319,04/04/2021,Madhya Pradesh,303673,20369.0,279275.0,4029.0
12319,12320,05/04/2021,Madhya Pradesh,306851,21335.0,281476.0,4040.0
12320,12321,06/04/2021,Madhya Pradesh,310249,22654.0,283540.0,4055.0
12321,12322,07/04/2021,Madhya Pradesh,313971,24155.0,285743.0,4073.0
12322,12323,08/04/2021,Madhya Pradesh,318014,26059.0,287869.0,4086.0
12323,12324,09/04/2021,Madhya Pradesh,322338,28060.0,290165.0,4113.0
12324,12325,10/04/2021,Madhya Pradesh,327220,30486.0,292598.0,4136.0
12325,12326,11/04/2021,Madhya Pradesh,332206,32707.0,295339.0,4160.0
12326,12327,12/04/2021,Madhya Pradesh,338145,35316.0,298645.0,4184.0
12327,12328,13/04/2021,Madhya Pradesh,344634,38651.0,301762.0,4221.0
12328,12329,14/04/2021,Madhya Pradesh,353632,43539.0,305832.0,4261.0
12329,12330,15/04/2021,Madhya Pradesh,363352,49551.0,309489.0,4312.0
12330,12331,16/04/2021,Madhya Pradesh,373518,55694.0,313459.0,4365.0
12331,12332,17/04/2021,Madhya Pradesh,384563,59183.0,320955.0,4425.0
12332,12333,18/04/2021,Madhya Pradesh,395832,63889.0,327452.0,4491.0
12333,12334,19/04/2021,Madhya Pradesh,408080,68576.0,334947.0,4557.0
12334,12335,20/04/2021,Madhya Pradesh,420977,74558.0,341783.0,4636.0
12335,12336,21/04/2021,Madhya Pradesh,433704,78271.0,350720.0,4713.0
12336,12337,22/04/2021,Madhya Pradesh,446811,82268.0,359755.0,4788.0
12337,12338,23/04/2021,Madhya Pradesh,459195,84957.0,369375.0,4863.0
12338,12339,24/04/2021,Madhya Pradesh,472785,87640.0,380208.0,4937.0
12339,12340,25/04/2021,Madhya Pradesh,485703,89363.0,391299.0,5041.0
12340,12341,26/04/2021,Madhya Pradesh,499304,91548.0,402623.0,5133.0
12341,12342,27/04/2021,Madhya Pradesh,511990,92534.0,414235.0,5221.0
12342,12343,28/04/2021,Madhya Pradesh,525407,94276.0,425812.0,5319.0
12343,12344,29/04/2021,Madhya Pradesh,538165,92773.0,439968.0,5424.0
12344,12345,30/04/2021,Madhya Pradesh,550927,92077.0,453331.0,5519.0
12345,12346,01/05/2021,Madhya Pradesh,563327,90796.0,466915.0,5616.0
12346,12347,02/05/2021,Madhya Pradesh,575706,88511.0,481477.0,5718.0
12347,12348,03/05/2021,Madhya Pradesh,588368,87189.0,495367.0,5812.0
12348,12349,04/05/2021,Madhya Pradesh,600430,85750.0,508775.0,5905.0
12349,12350,05/05/2021,Madhya Pradesh,612666,86639.0,520024.0,6003.0
12350,12351,06/05/2021,Madhya Pradesh,624985,89244.0,529667.0,6074.0
12351,12352,07/05/2021,Madhya Pradesh,637406,88614.0,542632.0,6160.0
12352,12353,08/05/2021,Madhya Pradesh,649114,95423.0,547447.0,6244.0
12353,12354,09/05/2021,Madhya Pradesh,660712,102486.0,551892.0,6334.0
12354,12355,10/05/2021,Madhya Pradesh,671763,108913.0,556430.0,6420.0
12355,12356,11/05/2021,Madhya Pradesh,681478,111223.0,563754.0,6501.0
12356,12357,12/05/2021,Madhya Pradesh,691232,111366.0,573271.0,6595.0
12357,12358,13/05/2021,Madhya Pradesh,700202,109928.0,583595.0,6679.0
12358,12359,14/05/2021,Madhya Pradesh,700202,109928.0,583595.0,6679.0
12359,12360,15/05/2021,Madhya Pradesh,708621,108116.0,593752.0,6753.0
12360,12361,16/05/2021,Madhya Pradesh,724279,99970.0,617396.0,6913.0
12361,12362,17/05/2021,Madhya Pradesh,731385,94652.0,629741.0,6992.0
12362,12363,18/05/2021,Madhya Pradesh,737306,88983.0,641254.0,7069.0
12363,12364,19/05/2021,Madhya Pradesh,742718,82967.0,652612.0,7139.0
12364,12365,20/05/2021,Madhya Pradesh,747783,77607.0,662949.0,7227.0
12365,12366,21/05/2021,Madhya Pradesh,752735,72725.0,672695.0,7315.0
12366,12367,22/05/2021,Madhya Pradesh,757119,67625.0,682100.0,7394.0
12367,12368,23/05/2021,Madhya Pradesh,760963,62053.0,691427.0,7483.0
12368,12369,24/05/2021,Madhya Pradesh,764338,57766.0,699014.0,7558.0
12369,12370,25/05/2021,Madhya Pradesh,767274,53653.0,706003.0,7618.0
12370,12371,26/05/2021,Madhya Pradesh,769696,48634.0,713376.0,7686.0
12371,12372,27/05/2021,Madhya Pradesh,771878,43265.0,720855.0,7758.0
12372,12373,28/05/2021,Madhya Pradesh,773855,38327.0,727700.0,7828.0
12373,12374,30/05/2021,Madhya Pradesh,777349,30899.0,738491.0,7959.0
12374,12375,31/05/2021,Madhya Pradesh,778825,27256.0,743550.0,8019.0
12375,12376,01/06/2021,Madhya Pradesh,780030,23390.0,748573.0,8067.0
12376,12377,02/06/2021,Madhya Pradesh,781108,20303.0,752693.0,8112.0
12377,12378,03/06/2021,Madhya Pradesh,782099,17136.0,756806.0,8157.0
12378,12379,04/06/2021,Madhya Pradesh,782945,14186.0,760552.0,8207.0
12379,12380,05/06/2021,Madhya Pradesh,783743,12889.0,762597.0,8257.0
12380,12381,06/06/2021,Madhya Pradesh,784461,11344.0,764822.0,8295.0
12381,12382,07/06/2021,Madhya Pradesh,785196,10103.0,766756.0,8337.0
12382,12383,08/06/2021,Madhya Pradesh,785767,8860.0,768538.0,8369.0
12383,12384,09/06/2021,Madhya Pradesh,786302,7983.0,769914.0,8405.0
12384,12385,10/06/2021,Madhya Pradesh,786755,7071.0,771243.0,8441.0
12385,12386,11/06/2021,Madhya Pradesh,787175,6325.0,772375.0,8475.0
12386,12387,12/06/2021,Madhya Pradesh,787572,5447.0,773615.0,8510.0
12387,12388,13/06/2021,Madhya Pradesh,787909,4775.0,774600.0,8534.0
12388,12389,14/06/2021,Madhya Pradesh,788183,4251.0,775380.0,8552.0
12389,12390,15/06/2021,Madhya Pradesh,788425,3941.0,775896.0,8588.0
12390,12391,16/06/2021,Madhya Pradesh,788649,3610.0,776424.0,8615.0
12391,12392,17/06/2021,Madhya Pradesh,788809,3273.0,776887.0,8649.0
12392,12393,18/06/2021,Madhya Pradesh,788954,2984.0,777291.0,8679.0
12393,12394,19/06/2021,Madhya Pradesh,789064,2727.0,777630.0,8707.0
12394,12395,20/06/2021,Madhya Pradesh,789174,2442.0,777995.0,8737.0
12395,12396,21/06/2021,Madhya Pradesh,789261,2214.0,778280.0,8767.0
12396,12397,22/06/2021,Madhya Pradesh,789350,1980.0,778584.0,8786.0
12397,12398,23/06/2021,Madhya Pradesh,789415,1707.0,778902.0,8806.0
12398,12399,25/06/2021,Madhya Pradesh,789561,1280.0,779432.0,8849.0
12399,12400,26/06/2021,Madhya Pradesh,789611,1110.0,779630.0,8871.0
12400,12401,27/06/2021,Madhya Pradesh,789657,927.0,779834.0,8896.0
12401,12402,28/06/2021,Madhya Pradesh,789696,816.0,779963.0,8917.0
12402,12403,29/06/2021,Madhya Pradesh,789733,696.0,780101.0,8936.0
12403,12404,30/06/2021,Madhya Pradesh,789771,630.0,780187.0,8954.0
12404,12405,01/07/2021,Madhya Pradesh,789804,570.0,780265.0,8969.0
12405,12406,02/07/2021,Madhya Pradesh,789844,533.0,780330.0,8981.0
12406,12407,03/07/2021,Madhya Pradesh,789887,514.0,780384.0,8989.0
12407,12408,04/07/2021,Madhya Pradesh,789936,490.0,780445.0,9001.0
12408,12409,05/07/2021,Madhya Pradesh,789983,479.0,780495.0,9009.0
12409,12410,06/07/2021,Madhya Pradesh,790015,466.0,780534.0,9015.0
12410,12411,07/07/2021,Madhya Pradesh,790042,447.0,780578.0,9017.0
12411,12412,08/07/2021,Madhya Pradesh,790070,441.0,780610.0,9019.0
12412,12413,09/07/2021,Madhya Pradesh,790096,416.0,780657.0,9023.0
12413,12414,10/07/2021,Madhya Pradesh,790125,406.0,780695.0,9024.0
12414,12415,11/07/2021,Madhya Pradesh,790152,392.0,780735.0,9025.0
12415,12416,12/07/2021,Madhya Pradesh,790175,415.0,780735.0,9025.0
12416,12417,13/07/2021,Madhya Pradesh,790193,-1048.0,780735.0,10506.0
12417,12418,14/07/2021,Madhya Pradesh,791583,279.0,780796.0,10508.0
12418,12419,15/07/2021,Madhya Pradesh,791594,271.0,780815.0,10508.0
12419,12420,16/07/2021,Madhya Pradesh,791614,253.0,780851.0,10510.0
12420,12421,17/07/2021,Madhya Pradesh,791629,235.0,780884.0,10510.0
12421,12422,18/07/2021,Madhya Pradesh,791640,221.0,780907.0,10512.0
12422,12423,19/07/2021,Madhya Pradesh,791658,219.0,780927.0,10512.0
12423,12424,21/07/2021,Madhya Pradesh,791689,190.0,780987.0,10512.0
12424,12425,22/07/2021,Madhya Pradesh,791704,185.0,781007.0,10512.0
12425,12426,26/07/2021,Madhya Pradesh,791750,148.0,781090.0,10512.0
12426,12427,27/07/2021,Madhya Pradesh,791756,140.0,781104.0,10512.0
12427,12428,28/07/2021,Madhya Pradesh,791767,138.0,781117.0,10512.0
12428,12429,29/07/2021,Madhya Pradesh,791778,130.0,781135.0,10513.0
12429,12430,30/07/2021,Madhya Pradesh,791796,130.0,781153.0,10513.0
12430,12431,31/07/2021,Madhya Pradesh,791806,121.0,781172.0,10513.0
12431,12432,01/08/2021,Madhya Pradesh,791828,122.0,781193.0,10513.0
12432,12433,02/08/2021,Madhya Pradesh,791845,125.0,781207.0,10513.0
12433,12434,03/08/2021,Madhya Pradesh,791862,132.0,781217.0,10513.0
12434,12435,04/08/2021,Madhya Pradesh,791880,139.0,781228.0,10513.0
12435,12436,05/08/2021,Madhya Pradesh,791908,155.0,781240.0,10513.0
12436,12437,06/08/2021,Madhya Pradesh,791919,152.0,781253.0,10514.0
12437,12438,07/08/2021,Madhya Pradesh,791937,158.0,781265.0,10514.0
12438,12439,08/08/2021,Madhya Pradesh,791950,156.0,781280.0,10514.0
12439,12440,09/08/2021,Madhya Pradesh,791960,148.0,781298.0,10514.0
12440,12441,10/08/2021,Madhya Pradesh,791970,149.0,781307.0,10514.0
12441,12442,11/08/2021,Madhya Pradesh,791980,136.0,781330.0,10514.0
12442,12443,12/08/2021,Madhya Pradesh,791990,132.0,781344.0,10514.0
12443,12444,13/08/2021,Madhya Pradesh,791998,131.0,781353.0,10514.0
12444,12445,14/08/2021,Madhya Pradesh,792007,103.0,781390.0,10514.0
12445,12446,15/08/2021,Madhya Pradesh,792023,111.0,781398.0,10514.0
12446,12447,16/08/2021,Madhya Pradesh,792036,104.0,781418.0,10514.0
12447,12448,17/08/2021,Madhya Pradesh,792043,94.0,781434.0,10515.0
12448,12449,18/08/2021,Madhya Pradesh,792054,95.0,781444.0,10515.0
12449,12450,19/08/2021,Madhya Pradesh,792063,93.0,781455.0,10515.0
12450,12451,20/08/2021,Madhya Pradesh,792081,95.0,781471.0,10515.0
12451,12452,21/08/2021,Madhya Pradesh,792089,95.0,781479.0,10515.0
12452,12453,22/08/2021,Madhya Pradesh,792096,88.0,781493.0,10515.0
12453,12454,23/08/2021,Madhya Pradesh,792101,86.0,781499.0,10516.0
12454,12455,24/08/2021,Madhya Pradesh,792104,84.0,781504.0,10516.0
12455,12456,25/08/2021,Madhya Pradesh,792109,84.0,781509.0,10516.0
12456,12457,26/08/2021,Madhya Pradesh,792114,79.0,781519.0,10516.0
12457,12458,27/08/2021,Madhya Pradesh,792120,76.0,781528.0,10516.0
12458,12459,28/08/2021,Madhya Pradesh,792136,82.0,781538.0,10516.0
12459,12460,29/08/2021,Madhya Pradesh,792143,79.0,781548.0,10516.0
12460,12461,30/08/2021,Madhya Pradesh,792155,80.0,781559.0,10516.0
12461,12462,31/08/2021,Madhya Pradesh,792165,75.0,781574.0,10516.0
12462,12463,01/09/2021,Madhya Pradesh,792175,79.0,781580.0,10516.0
12463,12464,02/09/2021,Madhya Pradesh,792186,83.0,781587.0,10516.0
12464,12465,03/09/2021,Madhya Pradesh,792197,91.0,781590.0,10516.0
12465,12466,04/09/2021,Madhya Pradesh,792215,101.0,781598.0,10516.0
12466,12467,05/09/2021,Madhya Pradesh,792237,114.0,781607.0,10516.0
12467,12468,06/09/2021,Madhya Pradesh,792259,122.0,781621.0,10516.0
12468,12469,07/09/2021,Madhya Pradesh,792297,137.0,781644.0,10516.0
12469,12470,08/09/2021,Madhya Pradesh,792281,127.0,781638.0,10516.0
12470,12471,09/09/2021,Madhya Pradesh,792297,137.0,781644.0,10516.0
12471,12472,10/09/2021,Madhya Pradesh,792311,130.0,781664.0,10517.0
12472,12473,11/09/2021,Madhya Pradesh,792311,130.0,781664.0,10517.0
12473,12474,12/09/2021,Madhya Pradesh,792327,136.0,781674.0,10517.0
12474,12475,13/09/2021,Madhya Pradesh,792341,138.0,781686.0,10517.0
12475,12476,14/09/2021,Madhya Pradesh,792353,131.0,781705.0,10517.0
12476,12477,15/09/2021,Madhya Pradesh,792360,126.0,781717.0,10517.0
12477,12478,16/09/2021,Madhya Pradesh,792367,124.0,781726.0,10517.0
12478,12479,18/09/2021,Madhya Pradesh,792380,109.0,781754.0,10517.0
12479,12480,19/09/2021,Madhya Pradesh,792386,97.0,781772.0,10517.0
12480,12481,20/09/2021,Madhya Pradesh,792394,96.0,781781.0,10517.0
12481,12482,21/09/2021,Madhya Pradesh,792402,96.0,781789.0,10517.0
12482,12483,22/09/2021,Madhya Pradesh,792410,90.0,781803.0,10517.0
12483,12484,23/09/2021,Madhya Pradesh,792422,90.0,781815.0,10517.0
12484,12485,24/09/2021,Madhya Pradesh,792435,93.0,781825.0,10517.0
12485,12486,25/09/2021,Madhya Pradesh,792471,120.0,781833.0,10518.0
12486,12487,26/09/2021,Madhya Pradesh,792487,117.0,781852.0,10518.0
12487,12488,27/09/2021,Madhya Pradesh,792496,116.0,781862.0,10518.0
12488,12489,28/09/2021,Madhya Pradesh,792504,118.0,781868.0,10518.0
12489,12490,29/09/2021,Madhya Pradesh,792511,116.0,781875.0,10520.0
12490,12491,30/09/2021,Madhya Pradesh,792519,115.0,781882.0,10522.0
12491,12492,01/10/2021,Madhya Pradesh,792531,122.0,781887.0,10522.0
12492,12493,02/10/2021,Madhya Pradesh,792542,124.0,781896.0,10522.0
12493,12494,03/10/2021,Madhya Pradesh,792547,117.0,781908.0,10522.0
12494,12495,04/10/2021,Madhya Pradesh,792556,117.0,781917.0,10522.0
12495,12496,05/10/2021,Madhya Pradesh,792570,123.0,781925.0,10522.0
12496,12497,06/10/2021,Madhya Pradesh,792580,122.0,781936.0,10522.0
12497,12498,07/10/2021,Madhya Pradesh,792596,121.0,781953.0,10522.0
12498,12499,08/10/2021,Madhya Pradesh,792600,114.0,781964.0,10522.0
12499,12500,09/10/2021,Madhya Pradesh,792606,111.0,781973.0,10522.0
12500,12501,10/10/2021,Madhya Pradesh,792614,107.0,781984.0,10523.0
12501,12502,11/10/2021,Madhya Pradesh,792621,103.0,781995.0,10523.0
12502,12503,12/10/2021,Madhya Pradesh,792635,103.0,782009.0,10523.0
12503,12504,13/10/2021,Madhya Pradesh,792647,109.0,782015.0,10523.0
12504,12505,14/10/2021,Madhya Pradesh,792657,110.0,782024.0,10523.0
12505,12506,15/10/2021,Madhya Pradesh,792669,111.0,782035.0,10523.0
12506,12507,16/10/2021,Madhya Pradesh,792675,106.0,782046.0,10523.0
12507,12508,17/10/2021,Madhya Pradesh,792679,96.0,782060.0,10523.0
12508,12509,18/10/2021,Madhya Pradesh,792684,84.0,782077.0,10523.0
12509,12510,19/10/2021,Madhya Pradesh,792690,81.0,782086.0,10523.0
12510,12511,20/10/2021,Madhya Pradesh,792700,79.0,782098.0,10523.0
12511,12512,21/10/2021,Madhya Pradesh,792709,82.0,782104.0,10523.0
12512,12513,22/10/2021,Madhya Pradesh,792721,88.0,782110.0,10523.0
12513,12514,23/10/2021,Madhya Pradesh,792729,80.0,782126.0,10523.0
12514,12515,24/10/2021,Madhya Pradesh,792740,79.0,782138.0,10523.0
12515,12516,25/10/2021,Madhya Pradesh,792749,85.0,782141.0,10523.0
12516,12517,26/10/2021,Madhya Pradesh,792757,84.0,782150.0,10523.0
12517,12518,27/10/2021,Madhya Pradesh,792784,99.0,782162.0,10523.0
12518,12519,28/10/2021,Madhya Pradesh,792804,108.0,782172.0,10524.0
12519,12520,29/10/2021,Madhya Pradesh,792823,115.0,782184.0,10524.0
12520,12521,30/10/2021,Madhya Pradesh,792832,113.0,782195.0,10524.0
12521,12522,31/10/2021,Madhya Pradesh,792838,107.0,782207.0,10524.0
12522,12523,01/11/2021,Madhya Pradesh,792854,115.0,782215.0,10524.0
12523,12524,02/11/2021,Madhya Pradesh,792862,116.0,782222.0,10524.0
12524,12525,04/11/2021,Madhya Pradesh,792878,120.0,782234.0,10524.0
12525,12526,05/11/2021,Madhya Pradesh,792888,114.0,782250.0,10524.0
12526,12527,06/11/2021,Madhya Pradesh,792894,112.0,782258.0,10524.0
12527,12528,07/11/2021,Madhya Pradesh,792901,107.0,782270.0,10524.0
12528,12529,08/11/2021,Madhya Pradesh,792907,100.0,782283.0,10524.0
12529,12530,09/11/2021,Madhya Pradesh,792910,92.0,782294.0,10524.0
12530,12531,10/11/2021,Madhya Pradesh,792919,88.0,782307.0,10524.0
12531,12532,11/11/2021,Madhya Pradesh,792924,81.0,782319.0,10524.0
12532,12533,12/11/2021,Madhya Pradesh,792936,76.0,782336.0,10524.0
12533,12534,14/11/2021,Madhya Pradesh,792956,75.0,782357.0,10524.0
12534,12535,15/11/2021,Madhya Pradesh,792969,79.0,782366.0,10524.0
12535,12536,16/11/2021,Madhya Pradesh,792977,82.0,782371.0,10524.0
12536,12537,17/11/2021,Madhya Pradesh,792981,77.0,782379.0,10525.0
12537,12538,18/11/2021,Madhya Pradesh,792986,77.0,782384.0,10525.0
12538,12539,19/11/2021,Madhya Pradesh,782390,-10525.0,782390.0,10525.0
12539,12540,20/11/2021,Madhya Pradesh,792999,78.0,782396.0,10525.0
12540,12541,22/11/2021,Madhya Pradesh,793027,85.0,782416.0,10526.0
12541,12542,23/11/2021,Madhya Pradesh,793040,91.0,782423.0,10526.0
12542,12543,24/11/2021,Madhya Pradesh,793052,90.0,782435.0,10527.0
12543,12544,25/11/2021,Madhya Pradesh,793074,104.0,782443.0,10527.0
12544,12545,26/11/2021,Madhya Pradesh,793088,102.0,782458.0,10528.0
12545,12546,27/11/2021,Madhya Pradesh,793097,103.0,782466.0,10528.0
12546,12547,28/11/2021,Madhya Pradesh,793120,112.0,782480.0,10528.0
12547,12548,29/11/2021,Madhya Pradesh,793138,122.0,782488.0,10528.0
12548,12549,30/11/2021,Madhya Pradesh,793150,126.0,782496.0,10528.0
12549,12550,01/12/2021,Madhya Pradesh,793170,119.0,782523.0,10528.0
12550,12551,02/12/2021,Madhya Pradesh,793187,124.0,782535.0,10528.0
